{"web":{"client_id":"1046249806654-94khvs10um4f5sce6d58v5m05j4nlq9r.apps.googleusercontent.com","project_id":"sycamorecalendar-1536984441888","auth_uri":"https://accounts.google.com/o/oauth2/auth","token_uri":"https://www.googleapis.com/oauth2/v3/token","auth_provider_x509_cert_url":"https://www.googleapis.com/oauth2/v1/certs","client_secret":"01fvu2GBzo_UIszRtwQleIeD","redirect_uris":["http://localhost:8080/nianxuwa_CSCI201L_Assignment2/Profile.jsp"],"javascript_origins":["http://localhost:8080"]}}